껍질두께(1~3),내부중량,배꼽크기(1~3),질감(1~3),당도평균
2,33.71022942,3,1,9.899902298
1,36.61976594,2,1,10.81905292
2,58.59522507,1,2,9.587806568
3,91.82421442,2,3,9.229710518
3,77.52100932,2,2,10.16147199
2,57.56023605,3,1,10.74493676
2,41.67947984,3,2,10.57808111
1,92.03618098,3,1,10.88600004
1,37.14810271,3,2,12.38463235
2,32.6909435,3,2,10.74570259
1,92.44089535,1,2,11.84338077
2,62.43914647,2,3,9.585404517
2,72.86845435,2,2,10.92639787
2,77.57469741,3,1,10.91425902
1,56.1777275,3,1,10.58247315
2,32.85108925,2,3,10.93514855
2,74.3573406,3,3,8.295175481
2,45.59937584,3,1,9.355292567
3,74.89411549,3,3,9.817754278
1,41.82042483,2,1,10.0119942
2,53.66003887,1,1,9.975114356
2,51.70831491,1,3,12.72231511
1,30.40528299,3,1,10.41757004
2,45.56500725,2,2,12.88721385
2,55.75179997,3,3,10.36252189
1,102.9875923,1,1,12.10604303
2,51.17840549,2,2,12.21713837
1,27.24486551,3,1,10.28779343
2,114.0205281,1,1,11.74078571
1,89.84528243,2,1,11.22992319
1,38.83853384,1,1,11.3361601
3,55.54893466,1,3,11.33374572
2,35.23161661,2,3,10.82884519
2,25.35146071,2,1,9.843771859
1,39.04700818,3,2,9.861382746
1,53.46001254,3,1,12.10433168
2,45.88671885,2,3,10.93224467
2,99.64208595,1,1,10.7384127
3,47.66754632,2,3,10.63942678
2,80.87063682,3,3,9.996628057
2,36.27342264,3,3,11.44573212
2,42.51969468,2,1,10.403422
2,41.21904037,1,2,9.613470966
2,53.836893,3,2,10.7438504
1,40.39381266,3,2,9.511141364
2,44.4157966,2,2,9.155986482
1,100.7669894,1,1,11.58744602
2,101.6304419,2,1,10.93488928
2,62.37682721,1,2,10.40893525
2,83.43364376,3,3,8.925616438
3,93.37503848,1,3,8.87104186
2,96.67638622,2,3,10.46938439
2,76.60266829,2,2,9.586724138
1,35.18201789,3,2,11.17438351
2,37.18627446,2,1,10.45604164
3,39.08538455,3,2,11.32882323
2,51.02131043,2,2,11.45421906
3,88.26777667,3,3,6.365144399
1,46.8925632,2,2,10.42118943
2,54.38087039,2,2,11.5540576
1,60.61242952,2,1,9.965285591
2,102.7620641,2,2,10.4849307
3,63.65321733,3,2,10.12230731
2,61.52526556,2,2,11.38505613
1,20.50097579,3,2,10.9092543
1,74.49708452,1,3,12.26155094
3,90.52013069,2,3,8.836177701
3,56.92736373,2,3,10.31917619
2,33.14047334,1,1,12.12112248
2,33.75011993,3,1,13.14311147
2,30.39030991,1,3,9.568290425
3,89.89505124,1,2,9.261584724
3,79.9264031,3,2,8.411078321
1,56.08996466,2,1,12.93060087
3,84.10903838,3,3,6.85634491
2,21.87283349,2,1,10.72248443
1,64.56843118,1,1,11.85090085
3,58.84245287,1,3,10.25711632
2,29.1776748,3,1,11.9100588
2,92.86723668,2,1,10.87060838
2,40.65013177,2,2,11.81103637
2,81.97467869,2,3,10.96453418
2,52.27962076,2,2,11.57850325
2,31.77447262,2,2,11.41190291
3,41.87070591,1,3,10.18567038
1,80.46734016,1,2,11.79957339
1,47.98372865,3,2,10.13432739
2,58.37916222,3,3,10.53414174
2,112.3695471,1,1,10.87807654
1,69.46353229,3,1,10.97571205
3,53.25264166,2,3,9.981513626
1,47.96948353,1,1,11.1712947
3,49.92571331,3,1,10.19159561
3,88.61027196,3,3,8.163717296
1,71.98331319,3,2,9.936087015
2,42.03665256,2,1,11.68765039
1,68.8390383,2,2,9.590406794
2,54.35049446,3,1,11.71223684
1,52.27827259,3,1,10.02440475
1,74.37693913,3,2,10.4669852
2,53.67306126,2,1,12.21774273
2,116.2040811,1,3,10.92377377
3,48.76709604,3,2,7.977809217
2,34.88803329,2,3,10.69135142
2,49.23214672,3,2,12.17046687
2,56.23066284,1,3,11.53761029
1,59.57331762,2,2,12.78294967
1,41.48922494,1,1,11.18153694
1,73.93757391,3,1,12.57446196
3,81.43713134,1,2,11.31700556
1,41.60778139,2,1,9.961444306
3,41.92117083,2,3,10.42354897
3,93.53087544,3,3,7.616430222
2,48.24121053,1,2,13.17817764
2,65.09947893,1,3,11.02400428
1,84.9096562,3,1,10.94357913
2,45.31797722,1,3,10.67125555
2,55.81994894,1,2,10.36802828
1,55.79153783,3,1,11.04030262
2,24.82679131,3,1,11.39970584
3,109.5073015,3,3,8.198380771
2,47.84139127,1,3,11.01307181
2,39.01457817,1,2,11.02230272
1,48.92427957,3,1,10.13871119
1,37.12098273,2,1,10.67040111
2,57.24565259,3,2,10.87513557
1,94.27899918,2,1,12.48537076
2,75.86543159,2,3,11.76245647
2,50.94391338,2,2,12.48811463
1,49.47831804,3,2,9.489578646
2,64.86565981,2,1,10.96230453
3,29.67538654,2,2,11.67076699
2,40.56143328,2,1,12.27568404
2,49.71752621,1,3,9.163021121
2,62.64569637,2,2,12.18823351
1,54.50936357,3,3,10.26667203
2,56.19933816,3,2,9.401478985
3,84.17058718,1,2,10.48854541
1,32.6418092,2,1,13.65808738
3,91.30985848,2,3,8.136714503
2,66.08543343,3,3,8.953486503
1,89.26426572,2,1,11.5393917
2,50.13333608,3,1,11.6423002
3,84.58031669,3,3,8.403673325
1,65.60776206,2,1,11.9339049
3,70.62703232,2,3,9.3786645
3,108.8875372,2,2,8.994576854
3,68.93939367,2,2,9.032506478
2,51.39527063,3,2,9.731999905
2,87.97794466,3,3,8.049057642
1,87.99892832,3,1,11.79384974
1,56.82445064,3,2,10.19496729
1,71.64529121,3,1,9.526668287
3,92.58414287,3,3,7.872899983
1,63.20797655,1,1,10.05362452
2,38.85632158,2,2,10.76086827
1,66.34957756,1,1,9.490023833
3,19.62056974,2,2,12.23273968
2,40.67939715,3,1,11.23293175
2,40.08825189,3,3,10.41134964
1,44.48408571,2,1,9.521523337
2,28.87804588,1,1,12.04096325
2,38.05948369,2,1,9.635968055
3,92.25574826,2,3,8.126083381
1,97.9069129,3,1,9.597368901
3,67.82555555,1,2,9.470338706
2,81.2934195,3,2,10.3981694
2,46.17227412,3,2,8.290009198
3,68.81354576,3,3,9.032446461
3,56.40892783,3,1,10.56756713
1,86.41507495,2,1,11.48576997
3,42.39015766,2,3,10.26065372
3,65.06146119,2,1,10.46253073
3,100.0033663,2,3,8.915398242
1,67.08955316,2,1,11.85871443
1,54.08630975,2,1,11.89481724
2,80.37082387,2,3,11.44068901
2,80.53412577,2,3,10.90691519
1,46.09387296,2,2,12.01914347
2,64.67719266,2,1,12.58099831
1,44.81054972,2,1,13.41767596
3,56.92074389,2,3,11.87800399
1,31.93064382,1,2,10.62577379
2,93.42639638,2,2,11.49448081
2,85.55947063,2,3,10.2043597
3,33.6376697,2,2,9.813048534
2,50.90783284,3,2,9.420914516
2,98.15996147,3,1,10.1273106
2,47.00078261,3,2,12.41991368
2,69.68098417,3,2,11.49595615
3,62.67876417,2,2,10.42145155
2,54.20947097,1,2,12.44002439
1,45.53237796,2,1,10.16221105
2,96.53228722,1,2,9.864847365
2,18.06159535,2,2,9.755484171
3,70.30322707,3,1,8.94067197
2,103.4087751,3,2,8.877729155
2,36.47092828,1,2,9.347570484
2,46.82364729,2,3,9.89635848
3,52.41120656,1,3,9.036327114
3,69.90330445,3,3,9.651052122
1,78.72515848,1,1,11.16311538
1,86.32292921,2,1,11.82285473
2,61.68744182,1,3,12.60714022
3,106.0960895,1,3,8.713863302
1,53.94144586,1,1,10.80816677
3,48.32220125,2,2,9.781729002
2,47.57383834,3,2,11.8325519
3,70.83838598,3,2,7.087528911
2,35.94963004,1,1,12.72237516
2,47.71527771,3,2,10.53335717
2,60.64504291,1,1,9.575080592
1,69.51428623,2,1,11.23304083
3,72.58307461,2,2,7.993725437
2,30.36029231,1,2,10.40093583
1,58.60831634,2,1,10.3634713
2,53.84667085,3,2,10.92717077
1,81.28657401,3,1,12.29468212
2,87.11883713,3,1,9.748751177
1,70.86096726,2,1,9.791695079
2,25.80965098,3,1,10.75765606
2,79.13664306,1,3,11.84002263
2,65.41117491,3,3,9.2696244
2,79.91306559,2,1,10.78351591
1,40.39962064,3,2,10.89890817
2,60.15773839,3,2,7.770542634
2,53.5840162,1,2,10.26121859
2,98.03786789,3,2,10.49952148
1,72.52992305,3,1,9.827928346
3,62.32866681,2,3,11.01451363
3,97.13525533,2,3,8.123667574
2,23.69623722,2,2,9.290238682
2,62.09773994,2,2,9.249279709
2,49.57909253,1,3,12.05116303
2,30.51136782,3,2,10.65268145
2,39.06064922,2,1,10.56444951
3,55.72228337,2,1,12.32348471
1,51.85775145,1,1,11.71301503
1,64.97988681,3,1,11.31186656
1,50.29626362,3,1,11.60030492
2,60.22559939,1,1,10.39122496
3,72.28691348,2,3,10.84396143
3,35.59288816,2,2,10.53910564
2,77.46494317,3,2,10.56349084
2,54.96471694,2,2,9.1645442
2,72.67422752,2,2,9.840155214
2,45.09987784,2,2,10.5747738
2,71.61989547,3,2,11.67337432
1,35.55170589,2,1,11.83447743
2,48.24687058,2,1,9.78486401
1,52.68602968,3,1,9.771055503
2,44.2710034,2,2,9.735720372
3,95.57461155,3,2,7.50142832
3,52.29689377,1,3,9.652688366
2,80.34104801,2,1,10.54800737
2,44.49864316,3,2,11.0191862
2,68.52757966,1,1,10.14842614
2,38.29837645,1,1,11.3173884
2,69.09985125,2,3,9.535144607
1,69.84672182,2,1,10.8509704
3,68.73097514,3,2,8.102345618
1,52.19809231,3,2,9.728751527
3,95.72578244,1,3,10.4523061
1,45.19515841,2,1,11.43499327
1,36.91572042,3,2,11.83092188
3,61.92877713,2,3,8.087550238
3,96.14427648,1,2,9.580603397
2,48.76808558,1,1,8.742697247
2,35.74731853,3,2,12.3124022
1,69.62599233,2,2,10.84986718
1,74.40719037,2,3,11.65299995
1,57.69015751,3,2,10.81915987
3,63.24605095,2,3,11.889371
2,32.81374434,3,1,12.28437441
2,61.68135432,1,2,11.97994716
2,80.21763312,3,3,10.42466046
2,83.37681948,1,3,11.54749571
2,68.05805689,2,3,10.53381924
2,49.35670471,3,2,9.073174006
2,25.2285393,2,3,12.28236529
1,41.87877977,2,1,11.69829989
2,48.78283638,2,3,10.11890823
2,69.25043283,3,3,10.21554971
2,59.99409338,2,2,9.721854248
2,49.78525686,1,2,10.94327132
2,45.10287848,2,2,11.7444507
2,81.68689491,2,3,9.009676424
3,56.67067852,2,2,11.32761235
1,59.86893265,1,1,10.77583694
1,68.36508396,1,1,11.20268511
2,59.83104167,2,2,9.880544479
2,65.27918908,1,1,10.44639778
3,87.22154297,1,2,9.514695947
1,51.24591027,2,1,11.19532766
3,82.2386026,3,3,9.233328159
3,106.7617239,2,2,11.74880758
3,67.96406089,3,3,10.23230895
2,44.38808783,2,2,12.25834528
2,45.05173438,3,3,9.632982168
3,41.44896477,2,2,9.588395366
2,73.87635354,3,2,10.9289458
2,68.61690004,3,3,10.14659228
2,31.40048399,3,2,9.141941265
1,20.71738031,3,2,9.384258504
2,57.93671302,2,2,11.36660979
3,65.38060592,3,2,9.96926036
2,109.1577886,1,1,10.06270099
2,102.4012029,1,3,7.809078398
3,60.3082678,3,2,9.419542878
2,74.7834603,3,2,12.0408849
1,49.28202062,2,2,10.17359845
3,60.91278815,3,1,10.76080555
2,99.76584101,3,3,8.567920525
2,69.51660214,2,2,10.44566895
2,55.2612635,1,1,9.414529027
2,83.89293032,2,1,10.35463154
1,70.63076112,2,2,10.87718893
2,47.23738446,2,2,9.412463692
2,13.40375582,3,2,10.7225368
1,41.54358426,2,1,12.07237444
1,54.94403531,3,3,9.71215739
2,55.01588353,1,1,9.37553885
1,61.78169905,3,1,11.20124993
1,70.80944831,3,1,11.83318425
3,24.30112707,2,1,11.93739782
1,59.16149193,2,1,10.50489027
2,32.45688715,1,2,10.57419461
1,37.35832663,2,2,10.64834675
2,87.39850215,1,3,11.97269319
2,30.43696417,1,1,11.10779847
3,94.18056678,1,3,8.68801929
2,36.55551483,2,1,11.87355443
2,46.00334007,2,2,9.679667155
1,60.9906915,3,1,11.18367136
1,61.64362838,3,1,11.8687887
3,70.75028694,3,2,11.32632777
2,73.7098006,3,3,9.76868873
3,75.3689356,1,2,9.972458525
1,65.42234643,3,1,11.34616551
3,84.0475878,3,3,7.76891055
3,22.98952322,2,2,11.40493059
2,74.82778298,3,1,10.93954336
3,48.45218332,1,2,10.19230586
2,28.57618142,3,2,12.42352726
3,70.21185169,3,2,8.236939289
3,48.32401948,2,3,9.875544331
2,111.5108862,1,1,11.53143504
2,56.49974299,3,3,12.08419358
1,45.65601591,3,1,12.06904136
3,57.69157435,2,3,10.70737645
3,59.44942775,1,1,10.43904353
1,38.66132279,2,1,11.83166401
1,35.72668505,3,1,10.80594071
1,81.31065564,2,1,11.48568482
2,44.72092121,1,1,10.56003173
2,23.41364616,2,1,12.4747078
2,65.89176761,1,2,11.40855647
1,33.89933925,1,1,11.67513225
2,34.72391391,2,1,9.60276505
2,45.36885096,2,2,13.42382858
2,47.48515669,3,2,11.3748336
2,67.88247318,3,3,8.969754434
2,68.83118581,3,2,9.167415059
2,31.37752268,3,2,9.733437327
1,35.41871506,2,1,11.06899654
1,44.00158803,3,1,11.04769007
1,57.33511978,2,1,10.0447571
2,88.32569605,3,3,9.40376738
1,30.62522664,2,1,10.6889371
3,41.45871262,3,3,10.22306243
2,39.49071533,3,1,10.7187026
1,47.77070397,2,2,10.14547146
3,59.10827148,2,2,11.59759147
3,32.85626702,3,1,9.961881215
2,51.29038906,1,3,10.62654984
1,107.2643107,1,3,11.51320066
1,44.26134806,3,2,9.894572104
3,100.3212093,2,2,9.360340936
2,92.10448167,2,1,10.06692796
3,87.77917364,2,2,8.507094974
3,105.235018,2,3,8.956407534
1,53.96233531,3,1,9.62992436
1,64.10965257,3,2,11.66758575
2,40.41594192,1,3,12.62412417
2,23.35283028,2,2,12.92086128
3,41.23181442,2,2,12.84475544
2,40.70827382,1,2,11.16684656
1,67.65541914,2,2,12.9173302
2,69.08778988,3,1,11.3573384
2,35.04527167,2,2,11.41349836
1,56.75255956,3,1,10.66636325
2,29.11569768,2,2,11.6458463
1,18.12171075,1,2,11.90915386
2,50.32627837,2,1,10.06475959
2,39.64646998,1,1,10.98866399
2,48.66818257,3,1,10.20018559
2,49.30655218,3,1,10.93224532
1,58.49257733,2,2,10.33999314
2,83.51245281,1,2,11.77885154
3,76.91436061,1,1,10.18941638
3,30.09072215,2,3,10.74296226
2,85.9429182,1,2,12.19433044
1,79.35553736,3,2,8.75308014
2,59.97488549,3,2,9.380768485
2,51.79990589,1,2,11.09814889
1,80.59804071,3,1,10.64472543
2,54.50582409,3,2,10.27921827
3,86.85248281,3,2,8.545105027
2,32.20686924,2,1,9.654891587
2,68.02356285,1,3,8.393092848
2,42.4549231,1,1,11.99687789
3,90.79901156,3,2,10.03467021
3,90.42541394,3,2,7.027503349
2,36.86873838,2,2,8.428667114
2,82.87343727,3,2,11.1961463
1,38.17327941,2,1,12.92012672
2,77.23328599,3,3,9.743037237
3,40.89892016,1,3,10.30554503
1,41.39912148,3,2,11.09974222
1,66.71107085,1,3,11.89515843
2,84.13387235,2,3,8.476368803
2,82.56588119,2,3,10.72640001
2,71.65127096,2,3,8.813347608
2,42.45569081,2,1,10.8923889
1,43.63949898,1,1,11.69836947
2,87.34297754,3,3,7.63481951
1,59.38823607,1,2,9.779246487
1,54.44135798,3,3,9.485714015
3,67.83911374,2,1,9.537160314
1,60.68849639,3,1,11.53573466
1,47.28579848,1,1,11.43448293
2,63.68618814,2,3,11.81379762
1,78.2262093,3,1,11.01658627
1,79.17841356,1,1,11.83261793
2,60.74247951,2,2,9.724555388
2,66.96631994,2,1,10.64962376
2,38.51896883,2,2,10.04903032
3,83.77675601,3,3,7.551210649
3,96.24255596,1,2,10.00655443
2,114.0631729,1,1,9.749323691
1,43.24652457,1,1,12.02294884
2,28.19242776,1,2,10.96982563
2,93.75556681,1,1,9.541010948
1,74.63711915,2,2,13.19049325
2,58.71894592,2,3,11.31583515
1,70.8557709,2,2,11.85786117
3,67.24415953,1,3,10.41126536
1,37.32262629,3,1,11.4560554
3,32.52464888,2,2,10.73863749
3,57.07481763,1,1,12.25120622
2,94.12515285,2,3,10.80569637
3,57.44807733,3,2,10.17232277
1,37.45435227,1,3,11.92959127
1,72.60427013,2,2,10.02746712
1,61.60993205,2,1,9.345953041
1,73.50877267,2,1,10.66332212
1,53.27865786,3,2,12.63391712
2,56.15754216,2,1,11.18746052
2,37.57781657,2,2,9.708455121
2,85.6766692,1,2,11.26305104
2,37.91099383,2,2,10.23845249
2,9.432339327,3,1,9.441255459
2,50.55750661,1,2,8.974718659
2,46.13627145,3,2,12.20530956
2,31.82796509,3,2,12.54586117
2,45.85947334,1,2,10.16674038
3,70.81751949,3,2,9.573186478
2,46.9922229,3,2,10.78293235
2,81.96874478,2,3,10.66863951
3,67.34687586,2,1,10.02951857
3,76.74659405,3,2,9.592036888
2,93.84937208,2,1,11.28644269
1,17.31135747,2,1,11.50038955
2,60.26620201,1,2,11.28313527
3,59.98639462,3,1,9.492106868
2,85.28302959,2,2,8.953391278
3,88.51981002,3,3,7.977351061
3,77.32048435,1,2,8.678510609
1,34.03127359,3,1,9.256140093
1,53.28278634,1,1,10.31113854
2,44.58587332,2,1,10.78614555
2,41.16726011,3,3,9.397212394
2,41.85875837,2,1,12.91491448
3,82.87764977,3,1,10.55678786
2,49.45432964,3,3,9.43786009
3,80.74881674,2,2,9.773867082
2,60.05932905,3,2,11.9234135
2,50.87551284,3,2,11.97820582
2,63.25387587,3,3,8.471320421
2,28.14494811,3,2,10.04364851
2,37.24391821,2,2,11.29562952
1,26.66357121,1,1,11.27822156
3,74.54054642,2,3,8.532393642
2,58.75263189,1,1,11.08947798
3,39.36000999,2,2,10.353357
1,80.53235495,1,3,11.63847881
1,83.77507801,3,2,8.512928601
1,62.48692087,2,1,11.3287776
2,50.80636389,2,2,12.96303156
1,84.55387072,2,2,11.18297802
1,59.40960518,3,2,9.297253979
2,52.5179663,1,2,10.45866513
1,85.3236551,3,2,12.33429561
2,105.1733527,1,2,10.57123795
3,76.51085494,3,2,8.172707894
2,37.01238163,1,3,11.33611273
2,56.17574679,3,2,9.551530314
2,71.51418797,2,3,9.828019288
2,51.66902231,2,2,9.724817626
2,64.08209459,1,3,9.894525838
3,76.34418367,2,3,7.850312865
1,36.86546811,3,3,12.35032371
3,90.78342573,1,2,9.579402906
1,82.69453486,2,2,11.46398579
3,43.98114908,3,1,8.542407949
1,56.15751592,2,1,11.9643091
2,36.53232506,1,2,11.10445146
1,38.69138311,3,2,9.411022925
3,44.87847855,3,1,9.736610699
2,70.65791219,3,2,8.848459763
1,51.10115939,3,2,8.833514362
2,83.21690385,2,2,10.15888621
2,40.42024646,3,2,8.869587839
1,74.40394347,2,1,12.30117552
1,72.42976315,3,1,10.39805541
1,35.83028505,2,1,10.6199138
2,41.00380246,2,3,10.03006386
1,31.97945488,3,2,10.97834194
2,21.09726176,2,3,11.11136162
2,109.8633287,1,3,11.05834746
2,72.96014231,1,2,10.06449336
1,41.97732625,2,1,13.57054085
1,46.43618684,1,2,10.67005438
3,86.41201677,2,2,10.68437215
2,103.6122283,1,3,10.77846849
1,75.11174707,1,1,12.77860163
1,20.23942999,3,2,9.920914916
2,73.24646106,2,3,10.25395021
3,54.65443914,1,1,12.20762754
1,51.1390131,3,1,9.737219593
3,100.9589773,1,2,9.521335968
2,57.48288705,1,3,9.109986446
1,23.6467005,3,2,12.06249656
2,39.54465759,2,3,10.57588199
1,80.1345544,2,1,10.21728863
3,84.56776529,2,2,10.14254128
1,60.39608222,2,1,10.60765834
2,60.80192201,2,1,10.37718626
2,39.92777121,2,2,11.44522546
2,86.70849681,1,3,9.192341652
2,34.72383322,2,1,11.52832007
3,92.00578542,1,1,11.32907047
2,32.22021936,3,2,11.24506159
2,44.5368701,2,1,12.49968262
1,34.6423926,2,1,11.78083778
1,43.83418771,3,2,11.68797476
2,106.8688183,1,1,12.0182624
2,33.60307774,2,3,10.26098127
3,64.62316199,3,2,9.404186741
2,99.21831654,2,3,9.795413395
2,64.30403758,3,2,9.912679195
1,52.03057967,2,1,10.93297152
2,91.90148009,2,1,11.45455713
2,72.78201378,3,1,9.065421197
2,69.64569214,3,2,10.32687229
2,119.8887268,2,1,10.60177453
2,82.12578892,2,3,11.11465527
2,80.93448769,3,1,10.51454867
1,56.48658816,1,1,11.7918909
2,107.1229274,3,3,6.997057521
2,72.59137094,1,3,11.61231216
2,60.01457603,3,2,10.48279343
3,51.0791631,2,1,12.13966886
3,53.44127571,1,3,10.06632568
2,35.48257387,1,2,11.23912727
1,41.23358102,1,2,12.48882807
1,20.4893041,3,1,12.3350674
2,32.19276608,1,2,9.519041591
1,20.87036321,1,1,11.84078725
1,79.58031063,1,2,11.97075386
2,8.053879216,2,2,10.22722046
1,84.31893996,3,1,10.16632886
2,43.54643968,3,2,9.577638064
2,46.33719996,2,2,12.49199475
1,53.99341385,3,1,11.63593551
1,49.72556579,1,1,11.38440493
2,44.52088965,3,3,11.89701389
3,101.279098,1,3,8.818901291
2,94.5202802,2,2,11.22239834
2,48.68920105,3,1,10.29829138
2,71.50302702,2,1,9.276439215
2,59.09692772,2,2,9.350355016
2,39.14130326,2,1,12.06525918
1,69.18532064,3,2,9.640091374
3,58.61886761,1,3,9.02853405
3,65.91429561,2,2,8.216937571
1,71.84849267,3,1,11.8246793
3,56.41075693,1,3,10.16130112
1,51.68693819,3,2,12.82548905
2,91.31901838,1,1,11.47560421
2,20.55268556,2,2,12.88507024
1,31.35876628,3,2,10.00436102
1,29.35888181,2,1,12.68992688
2,47.84978711,1,3,11.26209981
2,64.35308917,2,2,10.84017529
2,59.82104816,2,2,13.06165005
2,31.88107204,1,2,12.25997185
2,40.86482052,2,2,12.66858412
2,93.0340662,3,1,10.87674971
1,62.76280189,3,1,11.7450515
2,35.3547351,2,2,10.70283924
1,60.16916623,3,3,11.36874397
2,33.2398721,3,2,8.994132943
2,104.0355127,1,1,11.0413643
2,72.5978025,2,3,11.16572398
1,67.39221917,3,1,9.892592088
1,45.63670907,2,1,9.995261193
3,72.78739054,3,2,10.06633299
1,39.29459168,2,2,11.67233419
2,32.08579218,3,2,9.484980784
2,47.01718254,3,2,12.41355313
2,49.19874815,3,3,10.88058215
1,27.27519555,2,1,11.78678757
2,84.77234487,3,3,8.418860534
2,56.59338956,3,2,9.206636835
3,68.05607578,3,2,9.008935698
2,51.64904946,2,1,10.26854777
1,62.70046072,3,3,9.516283318
1,69.00112166,2,1,9.805102993
2,76.67020378,1,3,11.26481407
2,54.67314142,2,3,11.16666292
2,49.13571866,2,1,11.09985624
3,63.04698493,2,3,9.37879486
2,55.41132992,2,2,10.05438007
3,93.03847234,3,1,10.14969288
2,57.3656767,3,2,11.32458768
2,29.29067521,1,2,11.7715025
1,34.31896088,2,1,12.69705609
3,73.85066007,3,2,8.34186998
2,57.16718845,1,2,11.26798971
1,30.72570613,3,2,11.60659816
2,56.497704,2,2,9.350892281
3,46.87229868,1,3,10.66398946
2,57.48214126,3,3,9.343081482
2,32.56583175,2,2,11.64573684
3,48.16068878,1,2,9.976751228
2,110.018244,1,1,11.29365455
3,34.90919646,2,2,12.10831386
1,50.82290718,2,2,10.17808114
3,54.07123924,3,3,9.742600306
3,90.1555093,2,3,9.105446351
1,74.43971967,2,1,12.60523125
2,84.85073155,1,3,11.57691944
3,62.69850412,3,2,7.854446947
1,66.35983375,1,1,9.660452847
1,84.7361265,3,1,9.669246983
1,48.42285034,3,2,11.52166949
2,87.5531993,3,1,10.65498383
2,28.99109669,2,3,9.947399519
3,79.78658156,3,2,8.71133051
1,47.21229023,2,1,9.257706005
2,87.47734881,3,1,9.373396146
2,20.24338095,2,2,10.03742694
3,43.58927212,3,1,10.45694109
2,93.58627981,2,2,11.35194091
1,67.66281029,3,1,11.31014976
2,25.0911147,2,2,10.96806727
3,54.80508901,1,2,12.22866156
2,40.51186158,2,3,10.25090271
2,41.7235217,2,3,9.690598388
1,86.148401,2,2,10.51205505
1,61.4693804,2,2,12.87718178
1,54.70447964,3,1,9.046311486
3,39.69998299,1,2,11.14637171
1,108.1534719,1,1,11.82101637
2,81.71562046,2,2,12.08751013
2,45.88913445,1,2,11.46391167
1,36.15685394,2,1,12.66416001
3,61.01750568,1,3,10.19621385
2,66.88397507,2,3,11.413274
1,84.69287369,3,1,8.70436894
2,59.11590674,2,2,9.915578853
2,52.7633612,1,1,10.65964359
2,49.81903019,2,2,9.897810926
3,65.21417895,3,3,9.417981792
2,78.8060346,1,2,11.12256729
2,98.08876684,2,3,8.473756924
2,73.77728858,1,2,11.86631806
2,67.76776523,1,2,11.06072481
2,40.27407503,1,2,11.19352102
1,50.6276147,1,2,11.88421264
1,33.8900255,2,2,11.32680854
3,65.73254198,1,3,11.27265761
2,34.81873579,3,1,10.27054511
3,44.44434152,2,3,10.84224736
1,46.21675504,2,1,10.62813343
2,91.55077062,3,2,8.502396443
3,85.78416378,3,2,12.95961639
3,84.6731274,2,2,11.63372969
1,77.28217009,2,1,10.94794699
2,52.81502048,1,3,9.814015142
2,90.31427125,1,1,12.58578433
2,46.89447361,2,1,12.46393013
1,23.23212892,3,2,10.11098187
2,25.61222487,3,1,11.77800004
2,9.220614348,1,2,11.04773053
2,61.75480106,2,2,11.83370817
2,56.23396967,3,3,8.737769851
1,76.15915659,3,1,12.52667027
2,54.03725918,2,2,10.09903831
2,76.20063829,2,1,10.59243337
3,58.06142062,2,2,11.75568702
2,46.01814999,1,1,13.90591902
2,34.15152078,2,2,10.18921136
2,87.74253657,3,3,7.770603642
3,36.4956814,2,3,9.5013164
3,65.973575,3,1,10.11422374
3,91.24985411,3,3,9.411066114
1,29.90147534,3,2,10.01600387
2,38.52787781,1,2,9.949063547
1,77.40595103,2,2,10.25126236
1,24.54761699,2,2,11.01028445
3,73.01698929,3,2,7.758829439
3,40.37200293,2,2,11.66870709
2,88.46235864,3,3,9.857758154
3,78.5590753,1,2,12.40604732
1,26.12560062,3,2,10.86700404
2,70.78669942,2,3,10.84426939
2,58.21525262,3,2,11.01009718
1,79.60506876,3,1,10.4965044
2,14.71497886,2,3,9.383446918
2,28.79502515,2,3,11.01397714
3,94.3904763,1,2,10.21975003
2,65.6845211,3,1,10.35450898
2,9.424914682,3,2,9.644731225
2,40.86112528,2,2,11.90867533
2,35.8605484,1,2,10.19840427
2,87.79663154,3,1,10.83672325
1,31.40566901,2,1,9.980658262
2,82.63874387,3,3,9.929999387
3,58.13050534,2,1,10.51710722
1,38.20617876,3,2,9.521156696
2,45.73128306,3,1,9.887559568
3,67.82296019,1,3,9.997107767
2,40.64882709,1,2,10.77951129
2,42.42673738,3,2,10.28266094
3,83.64048705,2,3,8.264362343
2,85.10685435,2,2,12.03132582
3,70.2674593,2,3,9.052834139
2,66.8694023,1,2,12.26335979
2,39.6099885,3,1,10.80796672
2,75.09584967,1,2,8.94040454
2,105.9717542,1,2,10.50802762
1,82.16408369,1,1,13.0938979
1,21.1266621,3,1,10.27129506
2,50.62523219,2,3,11.19257292
2,84.28607153,3,3,9.059227288
1,52.14338727,1,1,12.27526003
2,41.05298932,2,2,11.28872309
2,35.72242528,2,3,10.93920697
2,59.35970768,1,2,12.10548196
2,47.9826964,1,1,9.613760161
3,82.22923107,3,3,7.202741022
1,14.11413881,3,1,10.08125837
2,50.53436185,3,2,10.24599252
3,109.0535183,2,3,9.367916124
2,39.31494226,2,2,9.297116514
2,82.94764266,2,3,9.885414011
2,69.40036196,3,3,9.067799975
2,91.22050691,1,2,9.833789228
2,82.09027478,1,1,9.462208944
2,62.50117715,3,2,11.76344938
2,42.41765406,3,2,11.48367042
2,49.26217044,2,1,11.57793735
2,80.11442567,3,1,10.35662021
1,97.0706328,3,3,11.93306228
2,36.57931455,3,2,10.86669826
1,56.03830117,2,1,10.10625394
2,32.31408703,3,1,10.90512486
2,43.45739179,2,1,10.43017527
3,43.82180147,2,2,12.55676259
2,91.46746038,2,1,10.13666224
2,82.7791444,3,2,10.47598207
2,68.09623404,3,2,11.3210347
1,36.88937706,3,1,9.926694477
3,17.61549015,2,3,10.59320902
1,61.13286319,3,1,12.05370666
2,46.2419868,3,2,9.02897171
3,91.59692578,3,3,8.393879341
1,92.18655336,1,3,11.85468611
1,69.99543509,2,2,9.547152325
1,27.93143691,3,2,11.78735793
2,43.07015099,3,1,11.59912385
1,84.55506649,2,2,11.52913226
2,47.05819218,2,2,9.7600943
1,91.10234225,3,1,10.06806253
1,53.83010688,3,1,10.45240678
3,83.72613605,3,2,10.09157057
3,48.62527988,2,3,11.19844487
3,70.64339315,3,3,8.401128023
2,45.66366479,3,2,11.5992822
1,35.46919328,1,1,10.42466049
1,70.84693192,3,3,8.525192341
2,45.25106931,2,2,9.196001109
1,63.19649729,2,2,10.12238288
2,34.49322382,2,2,10.2487806
2,24.58425812,3,1,11.1842028
3,76.73884268,2,1,9.110666779
2,44.19841985,2,2,11.13458792
3,105.1884355,1,2,9.956817667
2,50.60014041,3,2,9.161888811
2,34.87405562,3,2,9.685367459
2,70.2503474,3,1,12.43640018
2,82.40365402,3,1,9.540812905
2,65.81859598,3,3,9.418706901
2,103.1241054,1,3,12.34129697
3,113.2252837,1,2,9.257959433
2,84.66960693,2,3,11.33118944
2,27.74081876,3,3,9.05478461
3,75.04513148,1,2,9.572020055
2,56.22248225,1,1,10.39121244
2,72.6657221,3,1,9.719477715
1,20.36214145,2,2,10.06861388
2,56.44784245,2,2,9.959681691
2,27.53425321,2,2,12.79739449
2,50.58058681,1,2,10.5142729
1,106.865796,2,1,9.760381849
2,58.00035385,1,2,11.72240697
2,44.89806797,2,2,10.2078983
2,90.03392765,3,3,9.740004095
2,81.6247403,1,2,9.046772099
2,84.48423001,3,2,7.816608151
3,107.9966214,1,2,8.974752936
2,50.82914604,2,1,12.62201033
2,28.722349,2,1,12.71804079
2,80.06098391,2,2,8.358875741
2,19.52773562,2,3,10.25580068
2,89.4452263,1,1,10.01720309
3,39.87019469,2,3,11.50050439
2,86.98929658,2,2,10.06364917
2,47.47950061,3,1,11.58407894
1,84.35580094,3,1,12.3575717
3,80.92420199,3,1,9.736815941
3,91.0880924,3,3,7.980579158
2,70.86555417,2,1,9.68700289
2,80.6224434,3,3,7.899110709
2,79.02321501,1,1,9.321220326
2,45.67305836,2,2,11.57094307
2,84.62880174,3,3,9.050290641
2,103.0890852,3,3,10.14858215
2,45.63729607,3,2,10.71538387
1,62.36026695,3,1,11.39117079
2,64.1293666,3,3,8.494060579
3,37.89794231,2,1,10.58058234
1,70.43847152,1,1,10.51263522
2,38.56065936,1,3,10.71162
3,42.4253231,2,2,11.32555386
3,81.32761136,3,2,9.005770182
2,85.14616694,2,1,10.82745374
3,56.2636868,2,2,10.00389095
3,57.09309083,3,2,10.14869217
2,87.2086683,1,1,9.996219942
1,36.15325405,2,1,10.78977184
2,82.79121768,3,2,7.524021149
1,4.678957444,2,1,10.16707754
3,84.06288005,3,2,8.589212134
1,80.52714837,3,1,10.06124467
3,81.39678984,2,1,11.00884921
1,56.88409625,1,1,11.78383036
3,81.47646313,1,1,9.703703594
1,56.40449687,3,2,10.45040003
3,47.11340424,2,3,10.82026692
1,32.13627569,3,1,11.53157577
3,94.19868797,2,3,8.105809203
1,29.71773697,2,1,12.24322445
2,41.45865805,1,3,10.63210424
1,23.78949877,2,1,10.3579344
1,59.00309361,3,1,12.0413806
1,64.37680255,2,2,12.30620585
1,30.23173847,2,1,11.20318992
2,27.28576125,2,2,9.916562447
2,81.03813676,1,1,11.71447719
1,35.87817815,2,1,12.92456372
2,98.17393714,3,3,7.697274653
2,64.16278751,2,1,10.814027
1,45.57886133,2,1,11.94194161
2,19.41219569,2,2,13.92312222
2,59.69105724,3,3,9.808702185
1,33.45815738,3,2,9.661768998
2,85.75921508,2,3,10.31343768
1,69.68109997,3,1,10.55696723
1,30.36877514,2,1,11.35747715
2,52.3105791,2,2,12.3278698
1,63.28498421,3,2,9.540711645
1,30.94799471,2,1,12.61226349
2,53.00751607,3,3,9.691019158
1,35.09926266,2,1,11.43948295
3,31.94163761,1,1,11.91381344
3,46.7680389,2,3,9.455696283
2,93.60996587,1,3,11.10315089
1,44.44488504,2,1,11.9701429
2,54.23679317,3,1,9.782225366
2,71.26931304,3,3,8.132208583
2,27.63897703,1,2,11.5951842
1,81.80737891,3,1,10.25975789
2,56.42644674,2,2,12.62133534
2,45.04878218,1,2,10.15178528
2,102.0102052,1,2,10.97969318
2,45.33268073,3,2,9.585003414
3,110.3595606,2,3,7.350492527
1,47.75758874,1,2,11.37977848
1,36.63702204,3,1,10.65788762
2,98.00463396,1,3,11.39650205
2,65.35520395,1,1,10.75071521
2,98.65404896,3,3,6.992335987
2,36.36324471,1,2,10.87369809
1,51.86661977,2,1,10.5162005
1,48.24564013,3,1,13.108797
2,69.52348959,2,1,11.15400833
3,80.81597233,2,2,8.609669793
2,35.94727646,3,1,11.29292314
2,89.95380615,1,1,9.6848603
2,25.18796645,2,2,13.34984713
1,68.51966889,3,2,10.49223376
1,42.29237958,1,1,11.67703625
1,56.03167707,3,1,11.67291151
3,55.45862382,2,3,10.50325515
2,79.79789333,2,1,11.26516945
1,91.31958987,2,1,11.73399148
2,94.333821,2,3,10.01604999
1,60.36557229,2,1,10.5697309
2,33.0737788,2,2,9.493107722
2,53.23893624,1,1,10.43660608
2,80.77251764,3,3,10.69989085
2,27.88887006,2,1,12.00743607
2,94.8756784,2,2,11.54693844
2,50.20639464,1,2,11.58468602
2,78.80121636,2,1,9.332372749
3,95.47402114,2,3,9.006445588
3,93.13246748,3,3,8.332386799
2,60.61659064,3,3,10.90862639
2,18.32635186,2,1,12.32272669
2,62.36892863,2,1,10.27981577
1,93.72232759,2,1,11.51387231
2,42.22894819,2,2,11.89555468
3,38.46287242,2,3,10.11159095
2,81.84247088,1,2,9.633966739
1,64.96321292,3,2,8.224403734
3,72.17360158,2,2,7.867288174
2,69.06589512,1,2,10.9530265
1,45.5500646,3,1,9.937604463
1,83.29979096,2,1,10.65911388
3,77.25178927,3,2,7.681057931
3,63.52768393,1,3,10.79938327
2,83.59723976,3,3,10.72127971
1,26.61997483,3,2,11.46955337
2,51.48336659,2,1,11.80491833
1,79.58417023,3,1,11.97962619
2,67.17957482,2,2,12.65755759
1,56.99556564,3,1,11.13827794
2,44.12598268,2,3,11.03092651
1,54.56687202,3,2,11.01622015
1,50.27282824,2,1,8.891805696
1,22.93033915,2,1,11.64280514
2,34.60903472,2,3,11.48688049
1,78.48043767,3,1,10.43611246
2,34.00989827,1,1,9.658989851
2,42.60498827,1,1,9.583488573
1,58.55719489,3,1,10.78311941
2,96.64570465,2,3,9.486843768
1,49.93383429,2,1,11.62191494
3,94.05816832,2,3,8.063143332
1,83.18316947,1,1,10.81907855
3,107.631196,2,2,8.466043485
1,36.51004602,2,2,10.1579839
1,44.28209734,1,1,10.8984194
1,16.97041857,3,1,10.82461034
1,72.43142918,3,2,11.34171711
2,41.42355832,1,2,10.93776191
3,51.41614997,1,3,9.675278737
2,55.88141238,1,2,11.70536401
2,54.62648673,2,1,9.755632831
2,62.5303592,1,3,9.186522769
2,94.36725076,2,2,11.07729938
3,107.517989,1,2,9.780045033
2,49.49918205,1,3,10.80834698
2,76.89028212,3,3,9.488256535
2,14.30076884,3,1,11.02338518
2,78.87066446,3,1,11.66788018
2,42.11438346,1,2,9.985161873
2,49.34678192,2,1,11.34205237
3,70.48490177,2,2,11.96430724
1,75.56883937,2,1,10.91222937
1,34.38152217,2,2,10.06376985
1,60.31865196,3,2,8.984240204
2,67.09694812,3,3,9.077970288
2,88.30389952,2,3,7.719322607
1,67.21929347,3,2,9.299809691
2,59.53318593,1,1,10.21067124
1,83.62857034,3,2,12.18748474
2,90.88319654,2,3,11.44751909
2,42.68472172,2,2,13.6542071
2,54.53751878,3,2,10.82612928
1,55.48660528,2,1,13.0390438
1,71.83467701,3,1,11.06141415
2,36.39729425,3,1,11.32989166
1,78.74861436,1,3,12.94473303
2,91.06642033,3,2,10.03005712
2,34.92113568,2,1,9.630728532
2,52.18961969,2,2,11.17935736
2,102.8179551,3,3,8.428893288
2,47.66941341,2,3,9.816691317
1,47.96363129,2,1,11.51313417
2,58.84399404,2,3,9.76187004
2,51.23205809,1,2,11.76430561
1,60.22656501,2,2,10.06733815
2,39.02342383,2,2,10.12190532
3,45.19323959,1,3,10.37432114
3,39.95335661,2,1,10.88224192
1,30.63990001,1,1,10.85640772
1,49.82255378,1,1,10.43221719
2,92.32503038,2,3,7.502922205
2,13.26597658,3,2,10.6022054
2,102.661435,1,1,12.44274042
2,98.08372608,1,1,12.10227951
2,50.06239988,3,2,11.06153878
1,47.0989372,2,1,10.45219202
2,89.78413872,3,3,8.00245435
2,42.49381713,2,3,11.43098158
2,47.71117138,3,1,10.39799169
2,41.44288061,2,2,10.13798387
1,43.1996563,1,1,11.4616316
2,86.28311716,2,3,8.67815502
2,50.34556161,2,3,11.67550309
1,51.65893751,2,2,10.52480078
2,94.48433992,2,2,11.37591351
2,40.42673613,1,3,11.43440108
1,74.96678348,3,1,9.360789088
3,37.6252825,2,2,11.35585744
2,42.43032117,1,3,11.14012521
2,58.77697779,2,1,12.14122756
2,75.92088898,3,2,10.85254399
3,77.63086481,3,3,8.35860328
3,28.62212898,2,3,10.0730227
1,50.41613285,2,1,10.90120719
1,74.42056021,3,1,10.02747083
3,82.46133393,3,2,8.664840469
2,40.96624583,3,3,10.05363354
3,94.71925188,1,3,9.744905402
2,49.40541397,1,2,11.2063245
1,112.9441308,1,1,11.70329884
2,46.54963281,3,1,8.712081868
1,55.0137705,1,1,10.86672375
3,62.83923255,3,1,10.20628821
2,43.42663932,3,3,9.640300178
2,42.54088678,2,3,10.1640099
2,48.01611759,2,2,13.25114858
2,81.55416799,1,2,10.05368784
2,70.20219529,1,2,9.80190392
2,54.45888624,3,3,10.67369114
2,48.82416124,1,2,9.742159756
1,76.74270311,3,2,9.524794609
2,61.43110929,1,1,10.62083043
1,48.04189875,3,2,10.11930149
1,93.56214017,1,1,11.89743852
3,59.04393122,2,3,10.06727891
2,39.2126801,1,3,11.70025543
2,77.36513905,2,1,9.841568098
3,76.78754402,3,3,8.26765882
2,65.8705371,3,2,11.90145294
1,82.64177015,1,3,12.47790934
2,25.54933593,2,1,9.816240658
1,76.06192661,3,1,10.41927247
1,84.87179113,2,1,11.60339111
1,55.86476381,3,1,10.81181049
2,49.124615,2,3,10.11345299
1,80.98390011,1,1,10.05624942
1,88.57726494,2,2,10.82830601
1,58.8926675,3,2,9.991005946
3,59.51396696,2,3,9.714598366
3,95.46397932,3,1,8.298336437
1,17.17624383,3,1,10.68134577
1,72.56407116,2,1,12.38458004
3,86.78828632,1,1,9.694860166
2,69.54812409,2,3,11.11701733
2,69.82562691,1,2,9.753912641
3,75.52152753,3,3,9.315736348
1,31.88630392,3,2,12.68631301
3,64.0631058,3,2,10.26250016
2,97.68862362,2,2,12.99652427
2,96.02210691,1,3,12.21502089
2,29.30130507,3,2,10.54945438
2,58.88585702,1,3,9.844740277
2,63.68984378,1,3,9.34263574
2,100.7158854,1,1,10.38739757
3,54.30821844,2,2,11.74030287
2,20.21869226,1,1,12.12324819
2,81.70778159,1,2,8.907723104
2,47.57720551,1,2,10.48868197
2,80.78113876,2,1,11.07986929
2,38.64837978,2,1,9.280146909
2,58.19138722,1,1,10.77156009
2,66.49463891,2,1,9.275284229
2,57.97510944,3,2,11.49285651
2,50.99283389,3,2,11.69253086
1,57.96029774,3,2,10.44986446
1,70.30197763,3,1,9.325687606
2,78.90635351,1,1,11.1284699
2,57.47385903,2,3,8.715038414
2,42.49781989,1,2,10.46957183
1,44.11400913,3,2,9.986128782
1,69.77312787,2,1,12.04059373
2,72.49362797,3,2,10.36184184
2,75.73967643,2,2,12.54079144
2,50.29637237,3,1,11.42838627
1,35.8569977,3,1,9.238494053
1,49.5006665,2,2,9.710229733
3,29.08583661,3,2,10.46727296
2,22.35770254,3,1,10.92736726
3,94.03958188,3,2,8.768546286
1,55.70342765,2,1,12.27392632
2,77.79043435,3,3,9.727535755
2,89.08150164,2,2,11.89686279
2,103.1278992,1,1,10.61269321
3,37.87034883,2,3,9.46763135
2,63.47490953,2,2,11.47144335
2,92.72591055,2,1,11.79969429
3,91.46964269,3,3,7.356198045
3,46.20547352,3,2,12.0038157
2,35.27477667,3,1,9.370346123
2,66.53602847,1,1,10.01904674
2,70.65899946,3,1,10.24721647
1,47.35969944,3,2,10.92458589
2,111.5668616,1,1,12.21061592
2,39.69547066,3,3,10.43596671
3,102.3003303,3,3,7.917234449
2,55.91307389,2,3,11.4142268
3,99.64296455,1,1,9.019147788
1,55.91392887,2,1,11.92816951
1,81.67921237,1,1,10.17376581
2,38.91392101,2,3,11.06400103
3,87.10851844,3,2,8.250747691
1,24.63562615,2,2,12.8786814
3,75.40907235,3,2,7.425543257
3,59.19324683,2,2,10.48366644
3,74.88580737,3,3,7.742337878
2,61.72354437,2,1,9.543103348
1,54.8696798,2,1,11.66416927
2,60.55462029,3,3,11.34461182
2,40.22459013,3,1,12.18635618
3,72.3025183,3,3,7.751102438
1,39.5744468,1,1,12.23702296
2,63.20518718,3,2,8.963345559
3,102.4513636,2,3,8.888550866
2,54.66904352,3,3,9.521567818
3,104.5251767,1,3,8.750041624
1,79.89031003,2,2,12.29922388
2,57.30133411,2,3,11.39171917
1,58.07852403,3,1,11.75794111
2,69.91196863,1,1,12.31524842
2,79.80938446,1,2,10.16320561
1,39.81266685,2,2,13.68234726
3,80.35144148,1,2,9.243380267
2,60.55362116,2,2,10.03181304
1,81.48258082,3,2,11.79021421
2,74.48934227,3,3,10.34093543
2,114.7729735,2,3,9.953653706
3,80.27745879,1,1,10.25570752
2,35.91738638,2,2,13.43331201
3,80.52068589,3,2,7.632598386
2,83.61313541,2,1,12.63827154
1,68.07208783,3,1,11.17364601
1,81.45932711,3,1,10.32339787
1,46.29373027,3,1,9.6336041
2,103.0238469,1,2,9.188850771
2,33.61107843,3,1,11.41232909
1,22.10547457,3,1,10.42349094
2,75.56712274,3,3,7.409372548
2,52.05241944,3,2,11.85132204
2,113.3153967,2,3,8.256739366
1,44.52666905,1,1,11.22913842
2,40.08593954,3,3,11.75607418
2,37.01070438,1,2,10.12942653
1,36.90536357,3,2,10.20451121
3,96.01195371,1,2,10.04464371
3,90.84590883,1,2,9.683376722
2,64.23125592,2,2,11.27776101
1,37.59909003,3,2,10.02123452
2,73.03347288,2,1,10.214882
3,78.42122939,3,2,7.899676849
3,86.10552824,2,1,11.16858946
1,40.60118736,3,1,12.18420523
2,81.78342059,3,1,11.40870909
2,44.27781203,2,3,9.143526437
1,86.51851619,2,2,11.91459041
3,47.12275297,2,2,10.78953054
2,27.96734816,2,3,10.49101731
2,12.85791051,3,2,10.66494096
3,35.84664775,2,2,10.66237494
2,61.37520957,1,1,9.810585953
2,48.42990424,2,2,11.64816839
1,44.84767207,3,1,9.855344173
2,72.48114987,3,3,9.643369144
2,61.39353645,2,1,10.91040172
2,52.68461826,3,2,10.7120749
2,81.2592429,3,1,10.84161663
1,44.50770967,1,1,11.31753055
2,92.60041364,1,3,10.8899475
2,60.10557821,1,2,10.4428699
2,58.73865306,3,1,11.96174388
3,63.10441636,3,2,11.62284875
3,35.89003948,2,2,10.41218018
1,27.89358838,2,3,9.023920687
1,63.93024946,2,1,10.96002004
1,76.77690539,3,1,10.55567507
2,94.0491321,3,1,10.30908645
2,33.16549141,2,2,12.61576497
2,63.30293649,3,2,9.88349473
2,65.44096289,1,2,11.1178548
3,71.37939273,1,3,9.689727872
2,57.85912564,2,2,12.67628643
3,57.49803947,1,2,11.42569933
3,48.81165454,2,2,10.79490583
2,75.33800952,3,3,7.080669529
2,96.47445657,3,3,7.942167491
2,74.75905645,3,2,9.549271295
1,76.17091939,3,1,10.56726754
3,76.25310695,3,2,9.146487859
2,47.86300722,3,1,11.71926641
3,29.74490194,2,3,11.42404193
2,77.44375626,2,1,11.92835052
2,69.40678446,3,3,9.227144426
1,32.67298322,3,2,10.66621458
2,56.17486442,3,2,9.832624767
2,56.88228663,2,1,9.607264786
2,87.02090252,1,2,11.6665484
1,82.99512913,1,2,11.61442661
2,40.98037794,3,2,9.601794235
3,101.2277305,3,2,7.408679616
2,95.15562844,3,1,11.03614607
2,71.23886509,2,3,11.16483326
2,37.82803047,1,3,9.074593088
2,80.42958258,2,2,9.720538699
1,77.50456154,2,2,10.18774769
2,33.46822954,2,2,9.69001326
2,43.48722116,3,2,10.65145348
3,74.84244974,1,3,10.91581889
3,49.35187831,2,2,12.40703149
2,59.83198011,2,2,12.88577315
2,64.30019175,2,1,11.68346109
1,61.72293963,3,2,9.726831734
1,56.3645922,3,1,9.11669239
2,51.20247711,2,3,9.879219397
2,56.63251387,3,1,10.02929494
1,71.27223925,3,1,12.707136
2,28.73572352,2,1,11.19881064
2,74.2491661,1,1,10.50650015
2,21.36469171,3,1,12.6736285
1,61.89707208,3,1,12.54919023
3,28.70260336,2,2,10.58937885
2,19.48371245,1,2,11.11916219
3,69.63998668,3,2,11.65787119
2,64.76934508,1,2,10.01116008
2,54.75928953,1,1,9.613292346
2,90.83164549,2,3,8.499251762
2,61.71971116,3,1,11.92451875
2,57.61949318,3,2,10.86104778
2,47.25093185,3,3,9.595129598
3,63.10529227,3,2,7.703370426
2,59.35218475,2,2,9.364710526
1,77.27632133,1,3,11.3997233
2,60.09372602,3,3,10.9754874
3,107.6226501,2,3,7.936539659
1,76.57024559,2,3,11.03683302
3,50.185803,2,1,10.37126441
2,87.20608216,2,3,11.16528771
3,94.20153499,3,3,8.639843829
2,61.13317094,2,2,11.2246831
1,69.94827727,3,3,8.979552244
2,33.16569105,2,2,10.33460895
3,38.04743701,3,3,10.09454975
2,88.51729292,1,3,11.21744105
2,89.86831893,3,1,9.751389855
1,26.68342742,3,2,10.81871387
2,30.13913787,3,2,10.32682249
1,36.03370202,2,2,11.1783192
3,57.82216056,1,3,11.53214983
2,84.75700906,2,1,9.833018339
2,73.94391217,3,2,11.46156369
1,37.24693757,2,1,11.8006958
1,51.35855638,2,1,11.72386271
1,73.2942595,2,1,10.87625806
3,69.03128718,3,2,8.67376287
3,38.27456898,2,3,11.04175117
2,46.36948254,1,1,11.65828355
1,34.82431676,3,2,13.40976204
2,45.20267228,1,3,11.63131519
1,39.31977247,3,2,12.22051824
3,39.95851999,1,3,10.02654433
2,60.78966037,1,2,13.20200422
2,36.03110286,1,1,13.19422986
1,97.24431613,3,2,10.69452915
1,53.32669674,3,2,9.582247577
1,63.01789621,1,2,11.20093447
2,55.1272779,2,2,12.59619642
2,71.75782461,1,1,10.21418677
3,62.04684035,3,3,8.477782952
1,49.51668623,3,2,9.984980275
2,65.65985153,2,1,10.39816157
2,95.7341677,1,1,10.55416451
3,84.11877194,3,2,9.715426027
2,63.24241065,2,2,12.17401417
2,49.27781424,1,2,10.1367838
3,61.01923192,3,1,10.86876734
2,36.16481069,3,2,10.43508293
2,88.55122294,3,1,9.928826198
1,97.69608253,1,3,11.03759531
2,92.98250657,1,1,12.32296186
1,67.06115031,3,3,10.34439444
3,27.06312663,3,2,10.78682993
2,89.31011134,3,3,7.617803024
2,65.11033952,1,2,9.822296433
1,83.172896,2,1,10.82303199
1,29.39182286,3,2,10.85725433
2,44.65939741,2,2,11.9731186
2,46.15480646,3,2,10.04222368
2,38.1343782,2,2,12.49374375
3,45.88769139,1,3,10.38647301
2,51.78025784,2,1,11.97462856
1,68.49931778,3,2,10.09957436
2,87.34532466,1,1,12.2350797
3,89.42846808,3,1,9.422774454
3,57.69548724,1,3,10.63248694
1,50.83128135,3,1,11.31577153
2,27.26774543,2,2,10.14313738
2,102.9890262,2,3,10.25781721
3,54.55585636,3,2,12.36353167
2,109.6854023,1,1,11.29381604
2,41.24746246,2,2,9.750838158
3,52.42268682,2,3,9.691280594
2,50.31675453,2,3,11.12791546
2,74.09482348,2,2,11.55556935
1,76.15927726,1,3,12.8554052
2,62.2254308,1,1,11.55930882
1,29.17239657,1,1,13.06812969
2,78.99048956,3,3,8.394927111
3,79.75070231,2,3,9.346949269
2,66.1009699,1,2,12.54076363
2,51.08156362,2,3,11.00214472
2,91.09496015,2,3,8.90218167
2,99.00810648,2,2,12.73103522
2,42.20079757,3,1,9.465761194
2,48.79171113,2,1,12.94257959
1,33.06327006,3,1,10.36259865
3,60.75794073,2,2,8.40341047
2,33.76121626,3,2,10.5252252
3,66.36280319,2,3,7.553199363
2,71.95761846,2,2,12.83381037
2,62.14675906,1,3,10.30179328
2,79.73017179,2,2,11.86975854
1,107.6237996,1,1,11.07700494
3,75.14681112,2,2,10.77511423
3,56.9766428,3,2,11.02679178
1,92.81881556,3,1,12.03603719
1,37.47941143,1,1,12.76420471
2,57.63390403,1,2,12.67216504
2,42.65675988,2,2,11.71060667
2,81.18910256,1,3,11.71514075
1,77.49916689,2,1,11.443135
3,77.28833761,1,1,11.50893614
1,18.80956024,2,1,12.91332134
2,51.24773394,3,1,10.64101906
2,67.30960221,1,1,10.6874429
2,92.23961791,1,3,11.35218628
2,63.59003984,3,2,10.97551782
2,38.45806439,3,2,9.817363822
1,69.95646341,2,1,13.83793334
3,76.93032583,3,2,11.39231293
1,90.77518089,2,2,11.34038006
2,86.7500975,1,1,9.044772516
2,37.18399819,3,2,9.895034883
3,88.91218421,1,3,8.103796661
3,104.153035,2,3,8.277969967
3,26.0772366,3,1,10.64193682
2,74.82842509,1,2,10.46043391
3,28.98144184,1,2,11.2027349
1,32.32181948,2,2,11.33595586
2,77.0839366,3,2,12.22544035
2,54.02218479,2,2,10.9091733
1,27.7171745,3,2,10.21695777
1,91.03760701,3,2,10.62341896
2,57.31656147,1,1,9.065291324
2,15.19101388,3,2,9.26380661
2,108.2097693,2,3,7.8657509
2,105.4158276,3,3,9.372268342
3,90.44024428,1,3,9.230492635
2,28.03376064,2,2,10.63311411
1,38.18119392,3,3,10.83094783
3,99.08045191,3,3,8.548624707
2,89.92510935,3,3,6.839241622
2,62.29939216,1,2,11.69213956
2,52.92699374,2,2,10.13252785
2,73.20918273,3,1,11.09052112
3,42.45806518,2,2,10.57650096
3,81.12243127,1,2,10.69067972
1,51.25177736,1,1,11.27274242
3,48.76786672,2,3,10.37084775
1,46.74416237,3,2,8.948786084
1,41.36001958,2,2,9.294892704
3,75.35130558,2,2,11.17287765
1,64.66021444,2,1,10.27977885
1,73.78595694,3,1,10.76176086
2,16.00366698,1,2,12.26822575
3,35.8331503,2,3,10.94753061
2,49.35724154,2,1,11.01111402
2,34.30000686,3,3,10.06493647
2,79.09841447,3,3,9.454460149
2,33.21406948,2,2,10.01879029
2,78.39178293,3,1,9.499836471
2,43.13585183,2,2,10.16102469
2,37.2476374,3,1,11.96753299
1,69.32069241,2,1,10.2146997
2,84.03676964,3,3,8.971087325
1,81.18851983,2,3,11.25762172
2,59.66452801,3,2,11.0740987
3,51.90809989,2,2,10.03118121
2,57.8127791,2,2,11.56546728
1,22.67846002,3,1,10.64792805
2,66.28348144,3,1,12.23964779
1,90.95691568,3,2,9.500765803
2,39.93965625,2,1,10.47704147
2,55.10963393,3,2,10.18811948
2,35.36248086,3,2,11.89749577
2,74.95096848,2,1,11.40788343
2,70.91194972,2,2,9.777292617
2,57.58498832,2,2,11.89656661
2,37.71087406,3,1,9.922884653
2,64.30906887,1,2,9.704918821
2,46.91686511,2,2,12.71862072
3,77.62204998,3,2,10.63008919
2,60.38094404,1,2,9.599683654
3,56.49090107,2,1,9.920763794
2,85.9307882,3,3,8.624151547
2,56.1751371,3,2,10.34874312
2,55.16055088,1,1,10.29703214
1,62.11932021,3,1,10.42737065
2,71.50065196,2,1,12.00558987
2,44.65255405,1,3,9.848625649
1,71.93995488,2,1,11.52118244
1,36.08504975,3,1,12.31216519
1,63.49149479,3,2,11.80661921
2,58.75912915,2,3,9.809637212
2,23.85619412,3,1,10.21715779
1,35.87967209,1,1,11.43692744
1,80.32805944,3,2,10.73841069
1,8.9377695,3,1,10.36596324
3,111.7570346,2,3,8.090385859
2,39.3038872,1,2,11.90516016
1,78.23300525,3,1,9.721079
1,90.64291482,1,1,12.25159617
2,54.32154817,2,2,9.237031629
2,76.65228634,1,2,9.792125341
1,49.37194083,2,1,9.993129087
2,56.88688605,2,2,10.16159632
1,47.87037695,3,1,12.50938264
2,46.88609375,3,1,10.96405306
3,82.88524296,3,3,7.69112695
2,25.20324646,2,2,10.28529885
2,73.97913554,1,1,10.66241263
3,61.95979184,3,2,8.581836083
2,102.7918459,1,1,12.28666429
1,60.13134125,3,1,11.8868431
2,39.25231,2,2,8.621165537
3,54.54180836,2,3,9.88549153
1,53.86232785,2,1,12.29648518
2,33.16996802,3,2,11.49174495
2,77.10109795,3,1,10.99710865
3,49.59732513,2,3,8.790421846
1,83.55251217,3,1,10.83480444
1,48.26474095,3,2,10.3565957
2,53.25589037,1,3,10.90734717
2,97.91395574,1,3,12.06101131
3,87.24552253,2,3,12.24920573
2,72.13065277,3,2,8.378605835
2,22.58728791,3,1,11.89899078
2,64.38301003,2,2,12.25319478
3,81.65890309,3,2,9.218721642
2,75.30288863,2,1,10.11948044
3,74.30121677,3,3,7.173393496
2,62.8789222,3,2,11.32072907
2,80.43046667,1,1,11.1139882
2,103.719883,3,3,8.03735164
2,46.96172604,2,3,12.71317913
1,46.40272349,3,1,12.94591739
1,68.33286251,3,1,11.09698398
2,34.89638307,3,2,12.33913389
2,76.19417668,2,3,7.937662485
2,20.69970352,2,2,9.152573514
1,87.22182839,1,3,11.35894437
3,68.3395636,3,2,9.490029541
3,23.90290737,2,2,11.65116266
2,33.40542851,2,3,11.54491636
2,69.28433877,2,2,11.89857182
2,56.12732302,2,1,10.87131313
3,52.89036291,3,2,12.3373281
3,95.5055016,2,3,9.53349945
2,64.6364377,2,1,11.31541703
1,52.95798313,3,1,10.68106484
1,60.57632901,3,1,11.82989216
2,41.84439397,1,3,9.468656605
1,62.32069923,3,1,10.47484955
1,68.73123239,3,1,10.86941353
2,33.86273383,1,1,10.540763
2,93.20005516,2,3,9.87393523
2,78.69049779,1,1,11.02980408
2,73.06530158,2,1,10.60165526
1,40.64595064,2,1,10.35829164
2,89.97149889,2,3,10.32537176
1,15.66593484,3,1,11.53956743
2,81.43112293,2,2,10.18082806
2,78.27814469,2,2,11.90152818
2,35.95443512,3,2,9.472726894
2,28.21631987,2,1,10.52060094
1,23.40200393,3,1,11.15735741
3,65.99261591,3,2,7.995117835
2,68.22708631,3,2,10.86581127
1,48.73894354,2,1,11.46778992
1,73.43830405,1,3,11.56488266
1,55.9612824,3,3,9.606864324
1,44.43241922,1,1,12.15438443
1,58.9122064,3,3,9.280962257
2,64.0216003,2,2,11.70574834
2,38.23510508,2,1,9.140009449
2,38.27175403,2,1,11.81141116
2,53.38847632,3,2,11.14264251
3,35.18844224,1,3,9.911510069
1,64.1391941,3,1,11.266942
1,56.80711407,3,2,11.60925988
2,76.41461481,3,3,9.987155821
2,90.4612359,2,2,10.70713804
3,88.23570579,3,2,9.246218152
2,33.40499669,2,2,11.69674308
2,96.7608694,1,1,11.54361892
1,64.37658782,2,2,9.974022977
2,56.62052546,1,1,11.46768308
2,42.94847707,2,2,12.31933713
3,97.71949782,1,2,9.026290072
2,58.03383529,1,1,10.61679346
1,40.77242034,3,2,10.36022581
3,60.05084824,1,3,8.81072001
2,68.93921257,2,2,10.52313445
2,69.32074539,2,2,10.74590063
2,102.7340649,1,1,9.642669979
3,48.27308825,2,3,9.510253658
3,62.0659851,1,3,10.50664605
2,71.10369831,3,3,8.312020838
1,36.77501022,3,2,12.63732668
3,110.6269569,3,3,6.527505973
1,53.87439943,3,1,11.82801441
1,17.31251514,3,3,9.966298105
1,32.471164,3,2,10.58283721
2,65.08658729,2,2,10.15458421
1,34.54873342,3,1,12.68607687
1,51.52600177,1,2,11.66613602
2,89.52765104,3,3,11.51596795
1,45.98688554,3,2,10.48722945
3,68.861954,3,2,7.8357037
2,64.19045448,2,2,11.98861751
2,85.6249689,3,2,7.724138883
2,89.37024205,1,1,11.38620706
3,71.78958706,2,3,9.094212137
2,64.3911174,1,2,9.673111456
3,56.14257691,3,2,10.33835046
1,78.00504045,3,2,9.187363328
1,59.11289877,2,1,11.28778248
2,90.64988607,3,3,8.20608498
1,79.44490313,2,2,11.87594383
2,97.32585714,1,3,10.03538913
1,55.85909383,3,1,9.991294921
2,46.79881291,1,1,10.68810398
2,60.08985665,2,2,10.18735687
3,35.88898045,2,3,11.69122445
2,74.84661638,1,1,10.06875357
1,102.8211724,1,3,12.05723625
1,71.72713457,2,1,11.72533996
3,59.89113649,2,2,11.02014115
2,27.34565594,3,3,9.451958444
3,72.54868036,2,1,10.96322562
2,64.39163037,3,2,10.62419085
1,80.1020015,3,1,9.58826043
1,63.88753541,3,1,9.082661855
2,72.15430865,2,2,10.12248852
2,27.07218832,2,3,9.141040773
2,45.49854039,3,1,9.840008006
2,49.29275475,2,1,12.882411
2,80.5265183,3,3,7.310809534
2,84.60217363,1,1,12.25828455
1,69.84132068,3,1,10.72895196
2,41.29978921,1,2,10.91930274
3,61.31969169,2,3,9.288923556
2,71.27619121,3,1,11.55395155
2,45.32848064,2,2,11.86559031
2,44.28572387,1,2,12.09485248
1,44.75754204,3,2,9.919822791
3,110.840574,1,2,10.23671021
3,95.60741553,3,3,7.921749906
2,39.94885697,2,1,11.41737233
3,61.81655901,3,1,9.49163381
1,63.26522574,2,2,10.363571
3,57.17151001,3,2,8.974520135
2,41.01115725,1,2,10.43707134
3,29.10935924,2,3,9.12376879
1,58.24753922,1,1,11.26124169
2,43.40630534,2,1,9.918046338
2,78.88153168,3,3,8.90345987
2,89.36784455,1,1,11.25789493
3,37.70381218,2,3,9.523961508
2,49.05710246,2,3,10.4918041
2,25.840191,1,2,9.266741059
2,68.6194424,2,2,11.09870959
2,47.06599371,1,1,10.64538841
1,74.31257176,3,3,11.42649926
1,43.2926927,2,1,11.08864764
2,49.36076006,2,1,10.33795454
1,60.59836847,3,1,11.45079884
1,97.61092334,2,2,10.77208794
2,84.22058238,2,1,11.47362241
1,53.12107489,3,3,9.583776336
1,7.734238027,3,1,10.49578453
2,17.87596536,3,1,11.85051805
1,61.53715096,3,2,11.21472579
3,86.63373778,1,2,9.877877895
1,84.79121985,1,1,13.04443875
3,46.17746181,2,2,11.32359895
1,42.03139672,3,2,9.870917027
1,79.65890473,2,2,13.78694647
3,47.42457716,2,3,10.34816673
1,55.85471171,2,1,10.34188852
2,91.69608225,2,2,12.03806874
1,19.92254339,3,2,10.39493196
2,102.2820727,1,1,12.33471116
2,23.25757504,3,1,10.13009367
1,59.39268938,2,1,10.91485055
2,102.9927026,1,1,11.88344471
2,103.3024124,1,1,12.05799554
2,50.00157267,3,1,13.48525818
3,50.64895585,2,3,10.61210242
1,53.17228267,3,1,12.72335983
2,88.77357318,2,3,9.799814558
3,72.35060055,3,3,7.19901775
2,87.33778471,3,2,10.68765702
2,31.99888549,2,2,11.10021234
3,104.6770736,1,3,9.766972208
3,62.58628599,2,2,9.992522612
1,66.04445571,3,2,8.952966283
2,73.016733,1,3,12.10423031
2,65.57993878,3,3,9.772471244
1,84.09425194,3,1,11.83706922
2,84.01418108,2,3,9.609177428
3,31.39980665,2,2,10.37120477
3,100.1791013,2,3,8.825745956
2,55.60909316,2,3,9.787840644
2,87.1059583,3,1,9.395563524
2,38.51819758,3,1,10.16250312
3,94.442518,3,1,10.72772255
3,36.20438136,2,2,11.49454733
1,71.62505985,3,1,9.662698933
2,36.77674185,2,1,11.2953474
1,47.7913438,3,2,9.915459927
3,85.89580414,3,2,7.383101169
2,28.91980212,2,3,9.285633411
1,90.9247086,2,1,9.984933594
2,18.96931707,1,2,10.58302435
1,36.69478699,1,1,10.56318146
2,40.74470123,3,2,10.22102857
2,46.73523792,1,2,11.07521996
1,67.98833724,2,3,10.90822713
1,79.41239315,3,2,11.53217889
1,103.9717142,2,3,11.74969116
3,123.2964735,3,3,6.148879919
2,89.49219728,1,1,12.00234211
2,39.24025124,3,3,12.06107782
1,66.49447601,2,1,10.75262511
2,59.52357925,1,2,10.66708536
2,49.12528023,2,2,10.51160205
1,45.7813686,2,2,11.69525279
1,50.34620799,2,2,9.557117524
2,56.1550383,1,1,10.67913669
2,74.24269766,2,3,11.04367215
2,79.93858359,2,2,12.18850982
2,30.17540699,2,3,9.831896426
2,59.34040409,1,1,10.38868792
3,43.40493698,2,2,11.33121852
1,37.07025303,3,3,9.442756696
2,48.31366706,2,2,13.24400641
2,42.3039072,2,2,12.93204131
2,39.58437813,1,3,10.42233994
3,119.1150441,1,2,9.710079283
2,72.99992448,1,2,11.60377705
1,22.85881097,3,2,10.46855705
1,29.94654125,1,1,11.50015446
1,68.86114032,1,1,10.19505149
2,48.2515814,2,2,8.14360453
1,48.86518456,1,2,12.23188346
2,58.04075941,1,1,11.08126256
2,103.1504454,2,2,8.598816837
1,95.46430257,1,3,11.38257232
1,79.6585629,3,1,10.21376492
2,48.08859389,3,1,12.25222909
2,82.1616601,3,3,10.26366423
2,46.80567478,1,1,10.8315319
2,94.85866812,1,3,11.52017213
3,97.02177358,3,3,8.85677592
1,35.26085486,3,1,10.23272481
2,46.90527454,2,1,11.26636432
1,60.02633175,3,1,10.41971413
1,38.64453105,3,1,11.21781435
2,53.93752536,2,2,11.43723516
2,40.84593359,2,2,12.92858501
2,45.54594743,1,1,9.74426293
2,40.86949041,2,1,10.31541516
2,76.53186153,1,3,10.33812325
3,40.30901306,3,3,11.30848189
1,57.27065122,2,3,10.01624866
2,105.6764135,1,1,11.93804789
2,57.88944327,1,1,11.47586782
2,116.8646297,2,1,10.30138776
1,68.81224703,1,2,11.38572456
2,55.27951062,2,2,9.58334051
2,98.17193194,2,2,9.672673239
2,60.88699896,2,2,11.5757652
2,36.14656301,3,2,13.69258293
3,75.28458603,2,2,9.695289174
2,105.8981858,2,3,7.142887887
1,7.39890282,3,1,10.77358154
1,45.62346338,1,1,9.190584508
1,80.48444819,2,1,11.10472948
3,53.45030856,1,2,11.32352977
1,44.38501186,2,1,10.77420194
2,54.70152537,3,2,10.73454327
2,89.92504299,1,2,9.826226987
3,48.6416003,1,2,12.54720879
1,60.50730945,2,1,11.08462955
3,70.07778195,2,3,8.990463918
2,53.50113169,2,2,12.16961312
1,68.24546239,2,1,9.792889194
1,90.27647442,3,1,9.805350277
2,61.43550725,1,2,11.07389246
2,84.99702455,2,3,10.1531963
1,68.03119621,1,2,12.54726635
1,95.39545531,2,2,11.3501999
3,61.54289488,2,1,9.877416764
2,62.51047848,2,2,13.26468055
1,60.47089818,3,1,9.776481157
2,25.17529075,3,2,13.27014364
2,102.3902065,1,2,9.151423016
2,66.94477412,3,2,11.86117388
2,36.90185866,2,1,11.54768524
2,72.93604175,1,1,9.879399705
2,27.81327257,2,2,12.13917978
1,35.17616404,1,1,10.66942428
2,33.60560797,3,1,11.23001584
2,69.49794553,2,2,10.91187643
2,19.77356471,2,1,10.34226827
3,37.71228183,2,2,10.76793285
2,111.2358559,1,2,10.10670462
2,50.24748352,2,3,11.14212569
2,33.91671865,2,3,11.18940821
1,70.79410819,3,1,11.57908938
1,52.57989104,3,2,10.22710633
1,44.30094821,2,2,11.20765888
1,53.42670689,1,1,10.89462036
1,27.26837961,3,2,10.72221203
2,46.61482616,2,2,12.16209142
2,50.42690182,2,3,10.46405814
1,29.28030153,3,2,10.87856172
2,57.68085801,1,2,11.23661968
2,64.74883632,3,2,11.05452754
1,77.39234023,3,1,11.09270116
1,45.3038682,3,2,10.94744292
2,51.01301391,3,2,11.28728419
1,42.50749753,3,1,11.2324258
1,52.82202138,3,1,10.16751879
2,65.13414229,3,3,9.97568993
2,76.88261604,1,3,11.23239857
3,59.61152376,2,3,12.40895678
2,46.80262911,3,2,10.20473954
2,47.84735303,3,2,11.19975733
2,72.9188337,3,3,9.548643377
2,64.97260335,3,1,10.3319638
1,71.7010938,2,2,10.5881933
3,46.77759835,3,3,9.496937288
1,34.66913393,1,2,10.57847855
2,71.6782474,1,1,12.6236795
2,56.55962064,3,2,11.35300337
1,63.21710834,3,3,9.138088088
2,42.49113551,3,1,10.46210331
1,67.28128921,2,2,12.45737804
1,67.56547797,3,1,10.34391034
2,31.29792191,2,1,9.317407352
2,99.91202336,2,1,10.11126111
1,81.26783317,1,3,11.75962724
1,63.4738115,3,1,10.32063351
2,79.65970748,3,1,11.11410076
1,98.79621177,1,1,12.73722999
1,83.63906058,3,1,9.174968956
2,98.79339949,1,1,12.39605364
2,52.83333556,2,3,9.55843756
3,93.05953768,2,3,7.373961781
3,39.6701842,2,3,10.440513
1,70.57155075,3,1,11.07280655
2,101.2565071,3,3,7.948035337
1,54.99924355,2,1,12.14349358
1,27.11191942,1,1,11.16559216
3,103.1229911,1,1,11.38415594
3,49.32133868,1,2,13.09820444
2,59.31299206,3,1,12.44773592
1,67.14206196,1,3,11.43956562
2,48.3431423,2,2,11.01406386
2,17.30779059,2,1,12.85603018
3,40.04766477,2,2,10.56685807
2,54.06497027,1,1,13.10778544
2,43.14888941,2,2,11.93264454
2,59.30673714,2,2,12.04500352
1,82.41836498,1,2,11.41653337
2,96.55846219,3,3,10.64723979
1,92.90432687,2,1,10.34828563
3,98.39005009,2,3,9.521977688
3,30.2013188,2,2,10.71559236
2,35.25075967,3,2,9.696159788
1,93.97176156,2,1,11.39334972
3,93.4268671,2,3,8.66165635
2,42.25853474,1,3,10.01057385
1,46.73407612,1,1,10.58031278
1,25.76670915,2,1,12.17624949
2,23.38002838,3,1,11.15598748
2,60.66395538,3,3,8.079097294
1,46.71919174,3,2,11.26978908
1,59.01060721,3,1,10.03449186
2,75.8524813,1,2,11.9903078
1,37.95357331,1,1,12.27287129
1,59.4384184,2,1,11.22833298
2,58.86475203,2,2,11.9043022
2,47.99727331,2,2,10.42245845
2,59.1457068,1,1,9.635520211
1,56.97439481,1,2,11.37542258
2,75.41768458,3,2,10.9118899
1,74.68069412,1,1,12.23175399
2,57.86141938,1,2,10.69991584
2,59.75848574,2,2,11.30858481
1,79.95924293,2,3,10.0229146
1,40.57879442,2,3,10.9172111
1,38.65723967,3,1,11.93277181
2,64.89986999,2,1,9.426794368
3,88.46887556,2,3,8.79179007
1,88.41215017,1,3,12.61485688
1,79.14197055,3,1,11.03140686
3,47.12125023,1,3,10.14253982
2,84.97960098,1,1,11.09641609
2,77.48704509,2,3,10.39487904
2,77.54966817,1,2,11.49177816
3,111.1827091,1,2,10.2691118
3,52.96873427,2,3,9.972706777
1,85.57487859,2,3,10.93754228
1,50.33133953,3,2,11.61692414
1,49.54166926,2,2,10.48975923
2,65.58293086,2,2,10.14019552
1,20.49264018,3,2,11.06237921
2,49.41468978,2,1,10.22074003
2,40.10848221,2,1,10.11780688
3,91.81472884,2,2,8.786555392
1,67.40550489,3,1,10.08619143
2,33.19483389,3,2,8.979558555
1,20.96465573,3,1,11.63057582
1,57.60021556,2,1,11.12875385
1,34.29057631,3,2,9.884104185
3,120.4143553,2,3,7.55178309
3,37.40048685,3,2,11.5390061
1,73.41514528,3,3,9.949332539
3,75.62523423,2,2,10.19456754
2,46.51154024,1,2,11.09684631
1,102.9120088,2,2,10.67652212
3,74.9722768,3,2,10.29874703
3,65.97279202,3,2,11.07234954
3,44.79111083,2,3,11.22236545
2,26.69970143,2,2,10.61298618
1,40.46837895,3,2,11.9391439
2,56.59108835,2,1,9.769167135
3,102.4463447,1,1,9.390867715
1,45.48751599,3,2,12.24203017
2,70.57439615,2,1,11.99652418
2,56.46120858,3,2,11.75865451
1,44.16864004,2,2,11.06123792
1,61.36223391,2,2,10.09538256
2,93.07225722,2,1,10.8579062
2,55.69989302,2,1,11.03333708
2,72.78847549,2,3,10.50102528
1,49.64069198,3,2,10.0408303
3,66.27833133,3,2,8.337089482
2,52.69229781,2,2,11.29511207
3,70.33751393,3,3,8.39419039
2,51.88516542,3,3,12.40857007
3,30.9304758,1,1,11.6397155
2,119.6702555,1,1,11.74127758
2,13.30982616,3,2,11.2774075
2,64.56654476,2,3,10.11474711
2,44.85300054,3,1,10.78841514
2,48.59290896,2,2,9.948898015
1,100.493916,2,1,11.04710259
1,109.2651894,2,2,12.07492741
2,25.73170773,2,2,13.84901559
2,35.02548225,2,1,11.18455112
2,42.37491185,1,1,10.81122647
2,31.92297686,3,3,10.09894424
1,16.6286853,3,1,11.01785816
1,35.60277434,3,2,9.20447085
1,52.35630766,1,1,10.63026166
1,70.57305205,2,1,10.46076487
2,63.98624757,1,2,8.303486829
2,82.27805949,1,3,9.420144485
3,48.77025324,1,2,11.12873219
2,62.23983318,3,3,8.870971578
1,64.78405211,3,1,11.79442595
3,37.58257428,2,3,9.016782214
2,59.42928151,2,3,8.545451468
2,64.47119109,2,3,8.843227426
1,81.82556648,3,1,10.0183741
2,56.5031945,2,2,12.13057511
1,47.52286598,3,1,10.59024718
1,45.7019417,3,1,9.975018565
2,34.53412742,3,3,10.59873688
2,63.49125614,1,1,12.43614139
2,78.96695886,2,3,9.511878143
2,83.78675275,2,2,8.733282627
2,61.29880395,3,2,11.35731807
2,44.04919531,2,2,8.539264726
2,52.88068771,2,3,11.38402895
2,27.55580647,3,1,9.679814517
2,41.11594566,1,3,9.611415429
1,89.31441128,1,3,11.55437461
3,79.19786544,3,2,8.150338035
3,39.17973808,1,2,12.5505176
1,102.8288292,2,2,10.81492465
2,52.85385444,2,1,10.33933105
2,57.95548881,3,3,8.703979135
1,40.00551038,3,3,9.894478742
1,79.01993129,1,2,12.56744837
2,78.56476541,3,3,10.41998027
2,73.67099024,3,3,9.784687562
1,56.6913757,3,2,9.961558432
1,85.01292753,1,3,10.72843816
2,49.47070781,2,2,9.895312753
3,63.1531047,1,3,10.33626914
2,52.29159664,2,1,12.09869301
1,50.65642833,1,2,10.26805147
3,62.43104695,2,3,10.45813957
1,60.33643299,3,2,9.039556753
2,69.13190845,3,2,11.43016044
2,30.34401045,2,2,10.61722662
2,80.45161428,3,2,8.905427135
2,30.58131721,2,1,11.77134885
2,43.59411438,1,3,9.574836759
2,48.22237249,3,2,12.45153274
3,32.77894876,1,3,10.88469998
2,42.19674615,2,2,10.56598815
2,97.37394871,2,3,10.48762721
1,83.8441544,1,3,12.09037473
1,22.07650317,3,1,10.57757585
2,60.07805684,3,1,11.42010124
3,78.38189713,1,2,10.26232306
1,39.79018999,1,1,11.89274231
2,38.95391682,2,2,10.29527353
1,47.14116394,2,2,11.45038448
2,29.0018715,2,3,9.845231451
3,32.16277432,2,3,10.68736264
2,65.55570969,1,2,9.938315399
2,68.98284659,1,2,10.18323281
1,53.3730955,1,2,12.6013192
2,84.18049315,3,2,11.15534114
1,96.16877709,1,3,12.29816393
1,79.10844222,3,1,12.5313466
3,58.77033179,2,3,8.305567257
2,69.22898236,3,2,11.69099919
2,72.92605357,2,3,10.94158572
1,48.67277701,3,1,11.04454765
2,61.69103826,1,2,12.18446745
2,36.49666578,2,2,10.76210596
3,92.12655475,3,2,9.305359505
2,81.16735665,2,2,11.98711276
1,50.6130384,2,1,11.03823454
1,68.13367083,3,1,12.08025491
2,56.94171874,1,1,10.37690746
2,49.9363493,2,2,10.44507323
1,29.32141409,3,1,10.97213095
1,63.29505683,2,1,8.47038496
2,59.56723797,2,2,10.30350961
2,57.0921317,2,2,9.517039727
2,98.81350244,1,1,10.437022
2,48.62851712,2,2,12.34420322
2,35.90722533,2,3,9.428913177
